id,label
1,66
2,38
3,73
4,11
5,73
6,54
7,189
8,2
9,163
10,154
11,83
12,179
13,138
14,157
15,60
16,109
17,39
18,58
19,103
20,8
21,93
22,11
23,10
24,6
25,10
26,60
27,57
28,2
29,180
30,134
31,44
32,102
33,135
34,28
35,88
36,166
37,148
38,13
39,20
40,159
41,10
42,90
43,77
44,63
45,126
46,120
47,74
48,75
49,38
50,5
51,120
52,3
53,145
54,69
55,146
56,7
57,68
58,50
59,69
60,28
61,125
62,69
63,91
64,84
65,33
66,76
67,141
68,114
69,41
70,188
71,124
72,46
73,122
74,21
75,41
76,19
77,1
78,100
79,130
80,187
81,75
82,43
83,41
84,76
85,40
86,84
87,11
88,72
89,16
90,171
91,67
92,127
93,76
94,166
95,81
96,19
97,119
98,100
99,150
100,107
101,10
102,94
103,10
104,44
105,71
106,111
107,95
108,35
109,108
110,42
111,9
112,132
113,27
114,18
115,18
116,85
117,105
118,30
119,44
120,30
121,129
122,135
123,147
124,6
125,19
126,38
127,27
128,102
129,85
130,37
131,130
132,61
133,10
134,96
135,42
136,129
137,61
138,134
139,184
140,9
141,33
142,139
143,42
144,19
145,10
146,50
147,26
148,133
149,168
150,73
151,102
152,60
153,156
154,158
155,93
156,86
157,155
158,97
159,44
160,158
161,77
162,158
163,113
164,36
165,34
166,74
167,98
168,95
169,124
170,53
171,83
172,34
173,68
174,48
175,36
176,21
177,147
178,10
179,149
180,50
181,171
182,149
183,58
184,101
185,42
186,126
187,104
188,72
189,28
190,98
191,32
192,81
193,77
194,38
195,138
196,117
197,136
198,64
199,160
200,23
201,96
202,9
203,18
204,158
205,32
206,124
207,83
208,154
209,18
210,168
211,84
212,73
213,76
214,15
215,144
216,61
217,165
218,4
219,38
220,78
221,157
222,10
223,34
224,38
225,74
226,115
227,52
228,64
229,19
230,149
231,33
232,52
233,5
234,126
235,25
236,12
237,126
238,33
239,27
240,166
241,27
242,86
243,52
244,122
245,159
246,185
247,6
248,9
249,40
250,68
251,19
252,4
253,57
254,49
255,110
256,139
257,128
258,79
259,97
260,151
261,122
262,131
263,42
264,89
265,60
266,98
267,41
268,55
269,27
270,70
271,24
272,119
273,92
274,5
275,73
276,1
277,58
278,10
279,45
280,67
281,123
282,57
283,40
284,20
285,1
286,28
287,45
288,3
289,10
290,34
291,44
292,42
293,149
294,46
295,98
296,111
297,35
298,114
299,127
300,46
301,134
302,27
303,108
304,171
305,105
306,17
307,99
308,28
309,159
310,99
311,10
312,93
313,17
314,103
315,18
316,90
317,1
318,75
319,81
320,98
321,144
322,130
323,138
324,123
325,126
326,113
327,32
328,110
329,176
330,13
331,20
332,27
333,171
334,72
335,86
336,133
337,145
338,52
339,78
340,97
341,136
342,60
343,3
344,42
345,19
346,21
347,147
348,21
349,112
350,21
351,153
352,45
353,18
354,32
355,63
356,21
357,47
358,41
359,130
360,5
361,37
362,24
363,107
364,49
365,0
366,66
367,30
368,41
369,50
370,45
371,66
372,18
373,39
374,52
375,135
376,98
377,30
378,108
379,26
380,139
381,73
382,30
383,76
384,52
385,165
386,134
387,35
388,92
389,41
390,149
391,74
392,165
393,176
394,12
395,41
396,47
397,129
398,16
399,168
400,158
401,38
402,28
403,155
404,155
405,134
406,58
407,45
408,176
409,146
410,4
411,123
412,189
413,38
414,70
415,22
416,124
417,97
418,175
419,99
420,92
421,9
422,137
423,64
424,7
425,149
426,21
427,176
428,32
429,69
430,123
431,72
432,162
433,30
434,25
435,40
436,45
437,94
438,7
439,175
440,65
441,28
442,129
443,130
444,36
445,107
446,16
447,147
448,45
449,19
450,8
451,38
452,53
453,111
454,99
455,112
456,10
457,67
458,105
459,135
460,3
461,167
462,88
463,117
464,26
465,19
466,81
467,68
468,118
469,104
470,27
471,28
472,30
473,37
474,64
475,73
476,73
477,88
478,13
479,34
480,38
481,33
482,22
483,189
484,156
485,103
486,60
487,49
488,17
489,129
490,193
491,140
492,165
493,189
494,156
495,67
496,126
497,77
498,83
499,168
500,39
501,40
502,154
503,69
504,57
505,127
506,51
507,130
508,97
509,109
510,31
511,176
512,57
513,50
514,71
515,11
516,18
517,98
518,82
519,93
520,154
521,83
522,93
523,138
524,80
525,49
526,49
527,5
528,104
529,154
530,72
531,95
532,72
533,26
534,146
535,109
536,105
537,190
538,135
539,82
540,142
541,116
542,1
543,11
544,0
545,117
546,141
547,30
548,11
549,144
550,56
551,25
552,77
553,38
554,110
555,134
556,135
557,145
558,140
559,46
560,130
561,90
562,8
563,61
564,94
565,117
566,28
567,49
568,37
569,71
570,77
571,36
572,10
573,23
574,81
575,111
576,62
577,139
578,90
579,123
580,126
581,28
582,149
583,102
584,100
585,37
586,88
587,63
588,33
589,9
590,23
591,96
592,110
593,21
594,87
595,58
596,48
597,13
598,42
599,59
600,38
601,50
602,11
603,48
604,27
605,10
606,41
607,52
608,190
609,84
610,64
611,89
612,31
613,112
614,118
615,14
616,23
617,38
618,121
619,97
620,49
621,168
622,67
623,19
624,6
625,62
626,127
627,138
628,168
629,27
630,93
631,3
632,34
633,186
634,43
635,60
636,28
637,47
638,133
639,65
640,155
641,39
642,110
643,112
644,42
645,157
646,60
647,16
648,54
649,84
650,21
651,10
652,190
653,167
654,127
655,98
656,175
657,175
658,33
659,30
660,132
661,5
662,168
663,19
664,46
665,33
666,19
667,74
668,52
669,180
670,145
671,29
672,76
673,121
674,91
675,162
676,167
677,164
678,109
679,130
680,6
681,37
682,51
683,18
684,120
685,21
686,141
687,109
688,18
689,160
690,21
691,36
692,13
693,149
694,107
695,36
696,38
697,149
698,37
699,56
700,52
701,3
702,179
703,22
704,97
705,60
706,181
707,48
708,63
709,134
710,118
711,46
712,6
713,82
714,188
715,33
716,156
717,157
718,33
719,127
720,48
721,61
722,39
723,110
724,145
725,38
726,62
727,18
728,94
729,72
730,146
731,102
732,95
733,27
734,42
735,53
736,64
737,30
738,13
739,137
740,130
741,23
742,46
743,3
744,94
745,135
746,147
747,45
748,15
749,7
750,4
751,19
752,46
753,53
754,96
755,126
756,43
757,189
758,35
759,97
760,124
761,75
762,38
763,92
764,98
765,121
766,27
767,116
768,93
769,146
770,14
771,3
772,39
773,28
774,115
775,142
776,1
777,30
778,39
779,19
780,98
781,27
782,36
783,113
784,136
785,124
786,16
787,78
788,189
789,131
790,89
791,12
792,66
793,100
794,0
795,19
796,88
797,4
798,27
799,32
800,158
801,68
802,47
803,175
804,110
805,77
806,41
807,10
808,104
809,109
810,27
811,128
812,114
813,0
814,188
815,168
816,83
817,50
818,139
819,61
820,110
821,48
822,42
823,141
824,40
825,92
826,46
827,95
828,57
829,23
830,189
831,117
832,18
833,39
834,167
835,64
836,100
837,116
838,83
839,113
840,51
841,14
842,91
843,43
844,128
845,146
846,4
847,9
848,92
849,153
850,147
851,1
852,131
853,13
854,124
855,18
856,13
857,28
858,128
859,163
860,41
861,38
862,93
863,6
864,9
865,69
866,30
867,78
868,46
869,102
870,6
871,169
872,89
873,13
874,88
875,4
876,183
877,123
878,62
879,157
880,10
881,123
882,28
883,135
884,110
885,42
886,55
887,103
888,130
889,15
890,12
891,14
892,130
893,137
894,147
895,66
896,117
897,38
898,175
899,18
900,71
901,156
902,42
903,126
904,38
905,72
906,162
907,99
908,18
909,166
910,147
911,57
912,24
913,67
914,56
915,2
916,23
917,23
918,37
919,96
920,70
921,103
922,37
923,37
924,108
925,12
926,77
927,142
928,142
929,24
930,129
931,28
932,23
933,126
934,12
935,94
936,26
937,10
938,168
939,37
940,10
941,35
942,3
943,161
944,97
945,56
946,20
947,77
948,151
949,123
950,162
951,72
952,47
953,37
954,93
955,43
956,106
957,76
958,141
959,84
960,28
961,80
962,71
963,89
964,181
965,54
966,28
967,24
968,124
969,51
970,35
971,36
972,46
973,185
974,38
975,71
976,36
977,87
978,38
979,73
980,116
981,120
982,38
983,156
984,114
985,39
986,5
987,18
988,131
989,46
990,161
991,144
992,43
993,22
994,56
995,160
996,85
997,21
998,38
999,82
1000,28
1001,19
1002,28
1003,24
1004,19
1005,146
1006,135
1007,52
1008,114
1009,40
1010,24
1011,85
1012,96
1013,50
1014,129
1015,35
1016,57
1017,167
1018,51
1019,75
1020,52
1021,145
1022,168
1023,8
1024,144
1025,147
1026,155
1027,181
1028,46
1029,93
1030,27
1031,129
1032,26
1033,128
1034,75
1035,189
1036,7
1037,70
1038,47
1039,29
1040,6
1041,24
1042,27
1043,142
1044,79
1045,123
1046,142
1047,157
1048,92
1049,26
1050,137
1051,166
1052,97
1053,25
1054,131
1055,168
1056,62
1057,70
1058,16
1059,117
1060,36
1061,161
1062,1
1063,35
1064,88
1065,67
1066,79
1067,122
1068,33
1069,95
1070,71
1071,47
1072,28
1073,133
1074,38
1075,129
1076,130
1077,30
1078,27
1079,139
1080,69
1081,56
1082,155
1083,14
1084,100
1085,72
1086,114
1087,61
1088,3
1089,108
1090,144
1091,30
1092,53
1093,75
1094,147
1095,93
1096,162
1097,96
1098,80
1099,123
1100,181
1101,71
1102,31
1103,13
1104,50
1105,15
1106,95
1107,56
1108,14
1109,150
1110,85
1111,12
1112,130
1113,121
1114,73
1115,18
1116,65
1117,87
1118,109
1119,9
1120,172
1121,75
1122,149
1123,129
1124,116
1125,68
1126,149
1127,128
1128,90
1129,19
1130,16
1131,60
1132,159
1133,39
1134,67
1135,84
1136,16
1137,98
1138,117
1139,149
1140,39
1141,50
1142,50
1143,66
1144,123
1145,84
1146,54
1147,95
1148,135
1149,80
1150,131
1151,112
1152,76
1153,82
1154,158
1155,21
1156,91
1157,77
1158,95
1159,6
1160,19
1161,38
1162,166
1163,59
1164,92
1165,22
1166,111
1167,124
1168,59
1169,69
1170,99
1171,155
1172,24
1173,45
1174,18
1175,131
1176,117
1177,123
1178,79
1179,142
1180,147
1181,72
1182,175
1183,113
1184,1
1185,137
1186,145
1187,175
1188,9
1189,79
1190,43
1191,10
1192,82
1193,169
1194,51
1195,155
1196,38
1197,184
1198,4
1199,34
1200,74
1201,161
1202,30
1203,4
1204,68
1205,45
1206,77
1207,98
1208,42
1209,41
1210,52
1211,129
1212,17
1213,156
1214,163
1215,40
1216,79
1217,2
1218,167
1219,89
1220,148
1221,38
1222,108
1223,19
1224,28
1225,61
1226,19
1227,39
1228,72
1229,133
1230,9
1231,7
1232,1
1233,133
1234,154
1235,120
1236,62
1237,114
1238,97
1239,65
1240,12
1241,22
1242,1
1243,107
1244,118
1245,97
1246,18
1247,63
1248,67
1249,126
1250,128
1251,136
1252,113
1253,32
1254,103
1255,3
1256,43
1257,93
1258,12
1259,168
1260,124
1261,139
1262,43
1263,117
1264,165
1265,11
1266,28
1267,10
1268,84
1269,91
1270,131
1271,84
1272,6
1273,128
1274,1
1275,37
1276,6
1277,91
1278,90
1279,185
1280,100
1281,30
1282,64
1283,167
1284,176
1285,14
1286,141
1287,145
1288,118
1289,166
1290,102
1291,0
1292,97
1293,15
1294,46
1295,125
1296,5
1297,58
1298,25
1299,6
1300,84
1301,27
1302,17
1303,6
1304,35
1305,161
1306,1
1307,77
1308,135
1309,10
1310,156
1311,149
1312,5
1313,39
1314,78
1315,127
1316,23
1317,67
1318,46
1319,168
1320,88
1321,126
1322,74
1323,10
1324,189
1325,58
1326,38
1327,105
1328,0
1329,63
1330,120
1331,103
1332,116
1333,187
1334,168
1335,166
1336,128
1337,4
1338,149
1339,136
1340,18
1341,147
1342,1
1343,75
1344,96
1345,21
1346,108
1347,128
1348,1
1349,11
1350,126
1351,162
1352,6
1353,120
1354,116
1355,70
1356,24
1357,40
1358,133
1359,32
1360,189
1361,131
1362,14
1363,85
1364,77
1365,54
1366,73
1367,11
1368,109
1369,38
1370,149
1371,130
1372,93
1373,99
1374,55
1375,74
1376,35
1377,72
1378,85
1379,147
1380,7
1381,35
1382,156
1383,19
1384,80
1385,83
1386,121
1387,3
1388,133
1389,129
1390,130
1391,112
1392,51
1393,65
1394,85
1395,51
1396,141
1397,162
1398,188
1399,98
1400,146
1401,60
1402,78
1403,86
1404,166
1405,121
1406,110
1407,27
1408,128
1409,9
1410,57
1411,47
1412,54
1413,63
1414,100
1415,34
1416,161
1417,84
1418,119
1419,65
1420,10
1421,160
1422,36
1423,12
1424,46
1425,87
1426,166
1427,0
1428,19
1429,45
1430,23
1431,160
1432,28
1433,135
1434,19
1435,90
1436,10
1437,47
1438,56
1439,35
1440,78
1441,145
1442,38
1443,90
1444,19
1445,19
1446,65
1447,114
1448,14
1449,77
1450,59
1451,49
1452,89
1453,148
1454,18
1455,50
1456,47
1457,14
1458,93
1459,2
1460,80
1461,5
1462,33
1463,29
1464,27
1465,30
1466,79
1467,103
1468,191
1469,156
1470,35
1471,61
1472,37
1473,68
1474,130
1475,148
1476,56
1477,85
1478,95
1479,28
1480,59
1481,24
1482,25
1483,51
1484,65
1485,164
1486,136
1487,139
1488,129
1489,60
1490,71
1491,120
1492,36
1493,155
1494,82
1495,117
1496,141
1497,113
1498,120
1499,123
1500,131
1501,37
1502,68
1503,53
1504,33
1505,137
1506,4
1507,113
1508,163
1509,44
1510,86
1511,124
1512,32
1513,115
1514,28
1515,114
1516,120
1517,18
1518,95
1519,109
1520,108
1521,102
1522,91
1523,116
1524,28
1525,0
1526,44
1527,105
1528,126
1529,13
1530,64
1531,108
1532,10
1533,68
1534,168
1535,64
1536,117
1537,56
1538,37
1539,14
1540,55
1541,148
1542,102
1543,126
1544,159
1545,74
1546,38
1547,79
1548,47
1549,147
1550,46
1551,4
1552,81
1553,21
1554,82
1555,27
1556,46
1557,10
1558,133
1559,167
1560,26
1561,125
1562,80
1563,135
1564,12
1565,162
1566,83
1567,143
1568,30
1569,166
1570,13
1571,7
1572,12
1573,7
1574,61
1575,58
1576,33
1577,118
1578,156
1579,48
1580,2
1581,93
1582,38
1583,32
1584,72
1585,156
1586,13
1587,23
1588,110
1589,72
1590,52
1591,62
1592,81
1593,149
1594,39
1595,91
1596,23
1597,117
1598,68
1599,31
1600,17
1601,94
1602,26
1603,29
1604,166
1605,82
1606,107
1607,3
1608,79
1609,13
1610,114
1611,63
1612,158
1613,23
1614,129
1615,82
1616,158
1617,89
1618,78
1619,5
1620,110
1621,58
1622,58
1623,53
1624,84
1625,46
1626,156
1627,129
1628,99
1629,99
1630,127
1631,87
1632,38
1633,30
1634,63
1635,127
1636,75
1637,85
1638,138
1639,46
1640,98
1641,20
1642,82
1643,53
1644,129
1645,126
1646,89
1647,167
1648,1
1649,108
1650,18
1651,156
1652,2
1653,1
1654,139
1655,113
1656,129
1657,99
1658,90
1659,95
1660,84
1661,68
1662,0
1663,62
1664,165
1665,122
1666,55
1667,130
1668,146
1669,34
1670,41
1671,55
1672,28
1673,78
1674,77
1675,35
1676,68
1677,123
1678,23
1679,120
1680,123
1681,110
1682,84
1683,165
1684,113
1685,32
1686,127
1687,24
1688,71
1689,132
1690,33
1691,67
1692,114
1693,0
1694,32
1695,130
1696,133
1697,120
1698,55
1699,63
1700,117
1701,7
1702,89
1703,34
1704,41
1705,14
1706,133
1707,50
1708,57
1709,160
1710,137
1711,28
1712,30
1713,10
1714,44
1715,38
1716,92
1717,13
1718,53
1719,18
1720,16
1721,39
1722,162
1723,76
1724,156
1725,165
1726,33
1727,48
1728,18
1729,39
1730,185
1731,8
1732,46
1733,36
1734,146
1735,55
1736,36
1737,77
1738,144
1739,40
1740,21
1741,76
1742,74
1743,23
1744,35
1745,180
1746,40
1747,30
1748,65
1749,40
1750,58
1751,19
1752,37
1753,91
1754,131
1755,129
1756,35
1757,175
1758,114
1759,35
1760,59
1761,14
1762,46
1763,61
1764,46
1765,114
1766,83
1767,155
1768,118
1769,109
1770,44
1771,46
1772,160
1773,87
1774,76
1775,130
1776,42
1777,79
1778,30
1779,27
1780,72
1781,111
1782,108
1783,118
1784,43
1785,48
1786,145
1787,122
1788,81
1789,46
1790,34
1791,147
1792,117
1793,120
1794,73
1795,3
1796,29
1797,71
1798,96
1799,90
1800,56
1801,15
1802,31
1803,164
1804,156
1805,121
1806,162
1807,20
1808,191
1809,1
1810,73
1811,124
1812,60
1813,63
1814,165
1815,42
1816,17
1817,147
1818,114
1819,77
1820,47
1821,57
1822,23
1823,37
1824,35
1825,95
1826,13
1827,34
1828,37
1829,132
1830,42
1831,189
1832,13
1833,162
1834,54
1835,49
1836,47
1837,38
1838,99
1839,19
1840,78
1841,37
1842,114
1843,14
1844,19
1845,18
1846,28
1847,25
1848,2
1849,144
1850,98
1851,80
1852,114
1853,145
1854,126
1855,104
1856,98
1857,37
1858,113
1859,84
1860,123
1861,21
1862,45
1863,109
1864,82
1865,39
1866,107
1867,67
1868,139
1869,45
1870,161
1871,96
1872,72
1873,129
1874,116
1875,73
1876,31
1877,128
1878,66
1879,10
1880,126
1881,28
1882,156
1883,139
1884,185
1885,84
1886,104
1887,46
1888,168
1889,75
1890,148
1891,139
1892,2
1893,27
1894,144
1895,156
1896,123
1897,119
1898,7
1899,34
1900,33
1901,2
1902,75
1903,57
1904,102
1905,75
1906,157
1907,8
1908,35
1909,1
1910,139
1911,12
1912,125
1913,118
1914,136
1915,89
1916,40
1917,62
1918,18
1919,15
1920,25
1921,154
1922,138
1923,105
1924,36
1925,68
1926,126
1927,32
1928,10
1929,50
1930,34
1931,50
1932,107
1933,48
1934,144
1935,58
1936,103
1937,138
1938,15
1939,107
1940,83
1941,37
1942,54
1943,14
1944,56
1945,47
1946,123
1947,148
1948,8
1949,41
1950,80
1951,30
1952,8
1953,84
1954,47
1955,94
1956,99
1957,137
1958,46
1959,5
1960,56
1961,28
1962,127
1963,48
1964,84
1965,109
1966,139
1967,79
1968,181
1969,176
1970,37
1971,21
1972,62
1973,130
1974,32
1975,146
1976,105
1977,77
1978,33
1979,19
1980,78
1981,58
1982,23
1983,99
1984,113
1985,13
1986,109
1987,159
1988,20
1989,25
1990,97
1991,75
1992,184
1993,114
1994,130
1995,46
1996,28
1997,92
1998,183
1999,88
2000,49
2001,45
2002,65
2003,68
2004,130
2005,140
2006,52
2007,38
2008,90
2009,36
2010,156
2011,86
2012,147
2013,24
2014,59
2015,7
2016,63
2017,49
2018,0
2019,99
2020,55
2021,60
2022,65
2023,75
2024,109
2025,160
2026,18
2027,152
2028,124
2029,32
2030,10
2031,96
2032,77
2033,82
2034,19
2035,28
2036,60
2037,189
2038,120
2039,16
2040,2
2041,140
2042,119
2043,61
2044,42
2045,34
2046,80
2047,72
2048,36
2049,72
2050,78
2051,81
2052,135
2053,15
2054,121
2055,18
2056,86
2057,25
2058,185
2059,76
2060,83
2061,11
2062,66
2063,84
2064,128
2065,41
2066,42
2067,180
2068,37
2069,158
2070,188
2071,17
2072,37
2073,12
2074,176
2075,55
2076,21
2077,76
2078,153
2079,10
2080,12
2081,67
2082,168
2083,107
2084,19
2085,37
2086,10
2087,83
2088,83
2089,49
2090,20
2091,89
2092,69
2093,45
2094,8
2095,19
2096,2
2097,128
2098,46
2099,91
2100,130
2101,36
2102,114
2103,147
2104,51
2105,1
2106,124
2107,36
2108,123
2109,109
2110,43
2111,103
2112,44
2113,184
2114,139
2115,67
2116,18
2117,56
2118,69
2119,166
2120,38
2121,126
2122,34
2123,94
2124,9
2125,105
2126,47
2127,175
2128,103
2129,114
2130,187
2131,38
2132,25
2133,1
2134,50
2135,7
2136,88
2137,62
2138,33
2139,29
2140,116
2141,59
2142,124
2143,46
2144,156
2145,42
2146,54
2147,30
2148,56
2149,74
2150,83
2151,135
2152,87
2153,3
2154,29
2155,35
2156,25
2157,21
2158,28
2159,1
2160,85
2161,138
2162,79
2163,28
2164,155
2165,19
2166,91
2167,10
2168,139
2169,33
2170,22
2171,10
2172,98
2173,46
2174,179
2175,38
2176,12
2177,149
2178,10
2179,85
2180,0
2181,96
2182,117
2183,46
2184,51
2185,124
2186,100
2187,109
2188,16
2189,151
2190,25
2191,30
2192,8
2193,41
2194,74
2195,127
2196,97
2197,130
2198,147
2199,131
2200,150
2201,14
2202,49
2203,84
2204,76
2205,96
2206,40
2207,38
2208,33
2209,84
2210,129
2211,5
2212,78
2213,161
2214,119
2215,117
2216,140
2217,21
2218,21
2219,163
2220,3
2221,67
2222,99
2223,64
2224,132
2225,27
2226,55
2227,124
2228,2
2229,116
2230,123
2231,60
2232,36
2233,103
2234,86
2235,21
2236,51
2237,85
2238,65
2239,126
2240,31
2241,100
2242,32
2243,38
2244,16
2245,21
2246,47
2247,12
2248,87
2249,108
2250,155
2251,38
2252,126
2253,105
2254,95
2255,11
2256,151
2257,19
2258,93
2259,156
2260,89
2261,108
2262,42
2263,100
2264,65
2265,93
2266,145
2267,9
2268,117
2269,6
2270,46
2271,67
2272,129
2273,160
2274,23
2275,14
2276,114
2277,140
2278,129
2279,38
2280,154
2281,138
2282,68
2283,7
2284,70
2285,47
2286,124
2287,132
2288,116
2289,72
2290,10
2291,124
2292,144
2293,54
2294,28
2295,147
2296,1
2297,142
2298,158
2299,69
2300,27
2301,116
2302,155
2303,75
2304,15
2305,45
2306,92
2307,16
2308,86
2309,9
2310,93
2311,35
2312,101
2313,38
2314,74
2315,66
2316,86
2317,113
2318,159
2319,42
2320,14
2321,65
2322,126
2323,109
2324,176
2325,156
2326,5
2327,91
2328,126
2329,113
2330,88
2331,37
2332,32
2333,3
2334,45
2335,86
2336,17
2337,188
2338,38
2339,133
2340,175
2341,125
2342,158
2343,158
2344,40
2345,113
2346,87
2347,57
2348,36
2349,63
2350,19
2351,29
2352,49
2353,90
2354,19
2355,142
2356,110
2357,50
2358,127
2359,21
2360,165
2361,145
2362,19
2363,105
2364,95
2365,18
2366,93
2367,78
2368,57
2369,80
2370,118
2371,36
2372,53
2373,34
2374,59
2375,28
2376,111
2377,25
2378,168
2379,17
2380,3
2381,159
2382,93
2383,91
2384,52
2385,130
2386,181
2387,63
2388,12
2389,60
2390,27
2391,109
2392,149
2393,26
2394,69
2395,66
2396,76
2397,47
2398,105
2399,85
2400,164
2401,131
2402,24
2403,123
2404,35
2405,130
2406,149
2407,162
2408,104
2409,179
2410,78
2411,54
2412,10
2413,46
2414,3
2415,54
2416,7
2417,59
2418,26
2419,57
2420,92
2421,15
2422,36
2423,52
2424,18
2425,133
2426,56
2427,50
2428,31
2429,10
2430,114
2431,93
2432,37
2433,39
2434,32
2435,156
2436,124
2437,189
2438,104
2439,118
2440,20
2441,10
2442,94
2443,50
2444,171
2445,17
2446,35
2447,72
2448,91
2449,164
2450,65
2451,56
2452,63
2453,168
2454,71
2455,151
2456,156
2457,27
2458,50
2459,65
2460,75
2461,81
2462,27
2463,55
2464,13
2465,82
2466,161
2467,185
2468,19
2469,61
2470,37
2471,71
2472,116
2473,19
2474,30
2475,19
2476,139
2477,38
2478,102
2479,84
2480,149
2481,5
2482,46
2483,38
2484,71
2485,15
2486,42
2487,98
2488,100
2489,49
2490,148
2491,179
2492,37
2493,36
2494,11
2495,79
2496,135
2497,21
2498,158
2499,37
2500,66
2501,131
2502,85
2503,27
2504,89
2505,79
2506,22
2507,0
2508,29
2509,143
2510,148
2511,0
2512,168
2513,17
2514,139
2515,104
2516,78
2517,25
2518,36
2519,83
2520,155
2521,23
2522,36
2523,10
2524,22
2525,74
2526,114
2527,114
2528,171
2529,95
2530,126
2531,30
2532,176
2533,91
2534,120
2535,82
2536,154
2537,73
2538,56
2539,127
2540,68
2541,57
2542,4
2543,125
2544,30
2545,140
2546,87
2547,5
2548,90
2549,37
2550,42
2551,55
2552,172
2553,55
2554,121
2555,73
2556,168
2557,63
2558,102
2559,35
2560,110
2561,31
2562,41
2563,40
2564,163
2565,80
2566,40
2567,130
2568,2
2569,85
2570,88
2571,79
2572,176
2573,83
2574,168
2575,46
2576,98
2577,21
2578,62
2579,34
2580,105
2581,161
2582,21
2583,85
2584,68
2585,1
2586,46
2587,47
2588,22
2589,78
2590,113
2591,72
2592,12
2593,28
2594,130
2595,34
2596,162
2597,46
2598,18
2599,23
2600,71
2601,167
2602,135
2603,1
2604,124
2605,155
2606,7
2607,113
2608,175
2609,118
2610,171
2611,145
2612,5
2613,163
2614,71
2615,74
2616,81
2617,28
2618,30
2619,56
2620,13
2621,165
2622,57
2623,151
2624,62
2625,126
2626,156
2627,32
2628,93
2629,66
2630,27
2631,32
2632,84
2633,3
2634,76
2635,94
2636,121
2637,95
2638,133
2639,42
2640,34
2641,39
2642,31
2643,77
2644,42
2645,144
2646,10
2647,11
2648,80
2649,37
2650,68
2651,67
2652,28
2653,62
2654,62
2655,147
2656,151
2657,162
2658,42
2659,105
2660,75
2661,6
2662,35
2663,84
2664,89
2665,84
2666,189
2667,79
2668,17
2669,123
2670,60
2671,36
2672,84
2673,28
2674,140
2675,150
2676,17
2677,108
2678,146
2679,31
2680,60
2681,75
2682,92
2683,28
2684,95
2685,137
2686,163
2687,65
2688,116
2689,156
2690,19
2691,42
2692,69
2693,142
2694,41
2695,135
2696,50
2697,114
2698,117
2699,70
2700,113
2701,76
2702,61
2703,15
2704,27
2705,130
2706,95
2707,156
2708,144
2709,1
2710,35
2711,76
2712,185
2713,11
2714,40
2715,45
2716,117
2717,80
2718,49
2719,189
2720,80
2721,179
2722,127
2723,125
2724,79
2725,56
2726,76
2727,132
2728,12
2729,140
2730,118
2731,33
2732,69
2733,142
2734,30
2735,68
2736,13
2737,120
2738,58
2739,80
2740,78
2741,98
2742,32
2743,130
2744,86
2745,78
2746,34
2747,86
2748,68
2749,103
2750,13
2751,95
2752,149
2753,86
2754,189
2755,131
2756,120
2757,95
2758,33
2759,15
2760,81
2761,5
2762,158
2763,13
2764,21
2765,119
2766,66
2767,129
2768,78
2769,46
2770,75
2771,46
2772,52
2773,123
2774,19
2775,70
2776,3
2777,185
2778,68
2779,111
2780,85
2781,167
2782,80
2783,136
2784,23
2785,77
2786,190
2787,101
2788,162
2789,69
2790,28
2791,153
2792,107
2793,93
2794,78
2795,14
2796,165
2797,19
2798,38
2799,76
2800,102
2801,24
2802,149
2803,99
2804,38
2805,21
2806,24
2807,148
2808,57
2809,53
2810,31
2811,91
2812,24
2813,51
2814,100
2815,61
2816,150
2817,3
2818,137
2819,37
2820,14
2821,55
2822,90
2823,32
2824,74
2825,16
2826,15
2827,23
2828,80
2829,121
2830,77
2831,61
2832,36
2833,117
2834,67
2835,38
2836,162
2837,144
2838,114
2839,161
2840,165
2841,72
2842,145
2843,46
2844,123
2845,93
2846,136
2847,52
2848,109
2849,69
2850,188
2851,98
2852,49
2853,48
2854,27
2855,36
2856,75
2857,100
2858,30
2859,167
2860,28
2861,10
2862,55
2863,19
2864,21
2865,116
2866,33
2867,43
2868,10
2869,19
2870,107
2871,71
2872,62
2873,150
2874,130
2875,28
2876,46
2877,162
2878,38
2879,89
2880,74
2881,102
2882,47
2883,105
2884,117
2885,130
2886,4
2887,61
2888,117
2889,28
2890,7
2891,12
2892,28
2893,60
2894,150
2895,36
2896,24
2897,146
2898,162
2899,141
2900,186
2901,30
2902,156
2903,116
2904,156
2905,126
2906,46
2907,64
2908,67
2909,185
2910,185
2911,73
2912,56
2913,83
2914,38
2915,132
2916,51
2917,7
2918,42
2919,96
2920,28
2921,102
2922,20
2923,75
2924,122
2925,31
2926,111
2927,108
2928,33
2929,128
2930,31
2931,116
2932,43
2933,168
2934,36
2935,58
2936,187
2937,15
2938,98
2939,60
2940,100
2941,38
2942,18
2943,112
2944,39
2945,123
2946,93
2947,144
2948,100
2949,35
2950,61
2951,0
2952,63
2953,46
2954,94
2955,37
2956,95
2957,30
2958,149
2959,90
2960,79
2961,129
2962,118
2963,45
2964,77
2965,96
2966,147
2967,48
2968,140
2969,56
2970,14
2971,49
2972,118
2973,156
2974,11
2975,26
2976,25
2977,97
2978,160
2979,154
2980,88
2981,49
2982,75
2983,105
2984,98
2985,28
2986,49
2987,119
2988,80
2989,56
2990,29
2991,108
2992,89
2993,6
2994,19
2995,19
2996,64
2997,31
2998,128
2999,156
3000,10
3001,66
3002,18
3003,17
3004,39
3005,74
3006,161
3007,30
3008,30
3009,56
3010,52
3011,77
3012,19
3013,13
3014,135
3015,72
3016,177
3017,1
3018,82
3019,123
3020,11
3021,42
3022,30
3023,94
3024,54
3025,154
3026,124
3027,43
3028,23
3029,19
3030,60
3031,128
3032,96
3033,27
3034,120
3035,149
3036,168
3037,90
3038,23
3039,98
3040,124
3041,21
3042,14
3043,42
3044,146
3045,46
3046,116
3047,1
3048,35
3049,61
3050,63
3051,154
3052,114
3053,116
3054,33
3055,49
3056,148
3057,117
3058,49
3059,73
3060,55
3061,69
3062,130
3063,97
3064,134
3065,28
3066,71
3067,96
3068,20
3069,123
3070,3
3071,98
3072,134
3073,36
3074,111
3075,43
3076,19
3077,1
3078,84
3079,28
3080,130
3081,103
3082,123
3083,9
3084,167
3085,188
3086,124
3087,28
3088,130
3089,35
3090,79
3091,75
3092,91
3093,47
3094,126
3095,11
3096,65
3097,158
3098,132
3099,48
3100,76
3101,103
3102,112
3103,57
3104,41
3105,117
3106,131
3107,144
3108,11
3109,9
3110,154
3111,79
3112,39
3113,158
3114,137
3115,30
3116,166
3117,9
3118,127
3119,38
3120,129
3121,84
3122,35
3123,124
3124,33
3125,72
3126,75
3127,142
3128,73
3129,49
3130,51
3131,163
3132,1
3133,58
3134,89
3135,38
3136,2
3137,102
3138,40
3139,150
3140,60
3141,112
3142,121
3143,149
3144,33
3145,22
3146,139
3147,28
3148,112
3149,76
3150,121
3151,10
3152,30
3153,98
3154,17
3155,159
3156,17
3157,90
3158,29
3159,78
3160,153
3161,66
3162,102
3163,0
3164,37
3165,64
3166,19
3167,30
3168,100
3169,179
3170,43
3171,36
3172,74
3173,132
3174,155
3175,13
3176,24
3177,25
3178,74
3179,37
3180,63
3181,75
3182,124
3183,133
3184,44
3185,44
3186,30
3187,13
3188,105
3189,1
3190,15
3191,10
3192,160
3193,95
3194,92
3195,117
3196,139
3197,91
3198,5
3199,41
3200,17
3201,18
3202,129
3203,47
3204,166
3205,135
3206,40
3207,80
3208,164
3209,57
3210,27
3211,126
3212,38
3213,15
3214,28
3215,91
3216,76
3217,31
3218,91
3219,69
3220,176
3221,70
3222,123
3223,42
3224,77
3225,30
3226,156
3227,140
3228,27
3229,127
3230,162
3231,73
3232,37
3233,30
3234,133
3235,30
3236,37
3237,132
3238,27
3239,48
3240,44
3241,109
3242,65
3243,30
3244,87
3245,75
3246,38
3247,145
3248,146
3249,24
3250,68
3251,100
3252,21
3253,21
3254,155
3255,171
3256,32
3257,35
3258,133
3259,30
3260,42
3261,179
3262,13
3263,56
3264,34
3265,2
3266,65
3267,83
3268,156
3269,76
3270,87
3271,101
3272,24
3273,45
3274,80
3275,113
3276,126
3277,42
3278,110
3279,51
3280,16
3281,27
3282,188
3283,133
3284,20
3285,26
3286,126
3287,47
3288,186
3289,138
3290,121
3291,168
3292,63
3293,76
3294,28
3295,87
3296,83
3297,74
3298,97
3299,83
3300,99
3301,168
3302,65
3303,38
3304,42
3305,47
3306,131
3307,93
3308,65
3309,29
3310,49
3311,26
3312,44
3313,168
3314,82
3315,9
3316,65
3317,87
3318,22
3319,35
3320,69
3321,1
3322,43
3323,158
3324,55
3325,48
3326,164
3327,59
3328,32
3329,72
3330,6
3331,34
3332,25
3333,132
3334,92
3335,70
3336,165
3337,31
3338,147
3339,38
3340,116
3341,189
3342,33
3343,35
3344,158
3345,91
3346,75
3347,91
3348,147
3349,40
3350,49
3351,137
3352,40
3353,140
3354,71
3355,41
3356,155
3357,165
3358,91
3359,119
3360,40
3361,75
3362,144
3363,79
3364,54
3365,156
3366,132
3367,80
3368,90
3369,100
3370,6
3371,46
3372,67
3373,61
3374,19
3375,23
3376,67
3377,121
3378,175
3379,120
3380,9
3381,43
3382,151
3383,41
3384,140
3385,127
3386,68
3387,98
3388,41
3389,167
3390,42
3391,92
3392,98
3393,168
3394,32
3395,128
3396,37
3397,161
3398,10
3399,46
3400,79
3401,19
3402,144
3403,99
3404,126
3405,8
3406,160
3407,90
3408,32
3409,101
3410,102
3411,158
3412,105
3413,19
3414,17
3415,13
3416,140
3417,143
3418,189
3419,9
3420,137
3421,58
3422,114
3423,117
3424,18
3425,56
3426,145
3427,45
3428,68
3429,28
3430,45
3431,92
3432,107
3433,85
3434,73
3435,159
3436,146
3437,113
3438,1
3439,109
3440,146
3441,71
3442,94
3443,165
3444,140
3445,136
3446,128
3447,10
3448,101
3449,3
3450,40
3451,43
3452,147
3453,130
3454,123
3455,60
3456,90
3457,3
3458,156
3459,39
3460,59
3461,118
3462,98
3463,124
3464,12
3465,103
3466,79
3467,20
3468,175
3469,130
3470,42
3471,14
3472,77
3473,145
3474,10
3475,44
3476,42
3477,129
3478,132
3479,140
3480,10
3481,108
3482,114
3483,85
3484,132
3485,137
3486,35
3487,36
3488,116
3489,151
3490,98
3491,76
3492,25
3493,8
3494,106
3495,46
3496,88
3497,128
3498,94
3499,191
3500,149
3501,99
3502,156
3503,134
3504,70
3505,45
3506,126
3507,3
3508,171
3509,67
3510,30
3511,141
3512,154
3513,110
3514,142
3515,20
3516,150
3517,70
3518,36
3519,66
3520,19
3521,121
3522,46
3523,46
3524,37
3525,148
3526,113
3527,65
3528,32
3529,94
3530,53
3531,116
3532,156
3533,95
3534,63
3535,34
3536,54
3537,96
3538,39
3539,117
3540,124
3541,160
3542,139
3543,89
3544,129
3545,139
3546,23
3547,27
3548,123
3549,41
3550,6
3551,39
3552,11
3553,95
3554,56
3555,30
3556,69
3557,69
3558,47
3559,99
3560,21
3561,98
3562,185
3563,161
3564,113
3565,33
3566,99
3567,10
3568,113
3569,95
3570,127
3571,118
3572,103
3573,60
3574,64
3575,6
3576,119
3577,66
3578,124
3579,111
3580,7
3581,22
3582,69
3583,16
3584,99
3585,7
3586,1
3587,68
3588,10
3589,135
3590,55
3591,12
3592,126
3593,156
3594,148
3595,145
3596,57
3597,145
3598,175
3599,165
3600,48
3601,7
3602,38
3603,156
3604,2
3605,133
3606,98
3607,47
3608,27
3609,164
3610,60
3611,36
3612,27
3613,161
3614,95
3615,130
3616,9
3617,180
3618,60
3619,74
3620,6
3621,19
3622,97
3623,42
3624,7
3625,54
3626,124
3627,105
3628,121
3629,21
3630,54
3631,76
3632,4
3633,139
3634,155
3635,187
3636,140
3637,19
3638,124
3639,126
3640,79
3641,77
3642,10
3643,171
3644,156
3645,176
3646,47
3647,92
3648,51
3649,82
3650,99
3651,93
3652,59
3653,23
3654,95
3655,83
3656,54
3657,11
3658,140
3659,162
3660,75
3661,44
3662,74
3663,79
3664,93
3665,88
3666,75
3667,87
3668,129
3669,124
3670,118
3671,117
3672,116
3673,56
3674,46
3675,97
3676,1
3677,7
3678,76
3679,62
3680,42
3681,128
3682,131
3683,18
3684,72
3685,176
3686,88
3687,38
3688,87
3689,38
3690,179
3691,108
3692,24
3693,87
3694,23
3695,83
3696,42
3697,75
3698,116
3699,14
3700,78
3701,20
3702,4
3703,35
3704,140
3705,139
3706,59
3707,52
3708,138
3709,113
3710,54
3711,98
3712,70
3713,41
3714,17
3715,137
3716,123
3717,81
3718,94
3719,3
3720,34
3721,145
3722,42
3723,19
3724,104
3725,28
3726,133
3727,87
3728,15
3729,51
3730,21
3731,90
3732,98
3733,36
3734,47
3735,173
3736,37
3737,161
3738,132
3739,47
3740,32
3741,134
3742,144
3743,41
3744,103
3745,140
3746,23
3747,163
3748,127
3749,68
3750,62
3751,105
3752,126
3753,68
3754,135
3755,119
3756,118
3757,112
3758,78
3759,98
3760,103
3761,139
3762,102
3763,143
3764,90
3765,45
3766,72
3767,24
3768,113
3769,145
3770,144
3771,78
3772,124
3773,0
3774,118
3775,67
3776,80
3777,135
3778,34
3779,176
3780,18
3781,0
3782,123
3783,78
3784,36
3785,159
3786,13
3787,47
3788,75
3789,13
3790,66
3791,10
3792,145
3793,63
3794,139
3795,109
3796,132
3797,98
3798,111
3799,45
3800,48
3801,75
3802,62
3803,103
3804,23
3805,111
3806,89
3807,123
3808,24
3809,77
3810,25
3811,156
3812,68
3813,126
3814,76
3815,81
3816,142
3817,160
3818,185
3819,139
3820,39
3821,19
3822,144
3823,71
3824,111
3825,111
3826,94
3827,164
3828,167
3829,128
3830,168
3831,155
3832,155
3833,62
3834,3
3835,73
3836,145
3837,109
3838,94
3839,119
3840,73
3841,89
3842,47
3843,90
3844,0
3845,77
3846,19
3847,23
3848,6
3849,10
3850,145
3851,168
3852,151
3853,80
3854,138
3855,61
3856,95
3857,51
3858,64
3859,144
3860,123
3861,46
3862,19
3863,153
3864,21
3865,47
3866,54
3867,37
3868,35
3869,2
3870,44
3871,13
3872,10
3873,127
3874,19
3875,95
3876,63
3877,35
3878,53
3879,32
3880,118
3881,39
3882,52
3883,144
3884,87
3885,165
3886,12
3887,82
3888,30
3889,57
3890,131
3891,30
3892,70
3893,46
3894,54
3895,117
3896,108
3897,49
3898,63
3899,19
3900,7
3901,191
3902,85
3903,64
3904,71
3905,34
3906,104
3907,128
3908,166
3909,0
3910,28
3911,76
3912,31
3913,1
3914,55
3915,13
3916,126
3917,21
3918,175
3919,176
3920,165
3921,52
3922,122
3923,71
3924,144
3925,21
3926,70
3927,122
3928,15
3929,36
3930,3
3931,24
3932,73
3933,103
3934,147
3935,31
3936,27
3937,19
3938,40
3939,135
3940,42
3941,65
3942,134
3943,46
3944,74
3945,46
3946,85
3947,38
3948,147
3949,156
3950,132
3951,117
3952,38
3953,75
3954,146
3955,184
3956,1
3957,29
3958,52
3959,159
3960,126
3961,102
3962,132
3963,25
3964,19
3965,161
3966,122
3967,145
3968,87
3969,46
3970,121
3971,50
3972,72
3973,35
3974,27
3975,161
3976,126
3977,47
3978,16
3979,158
3980,114
3981,15
3982,0
3983,47
3984,16
3985,6
3986,54
3987,66
3988,155
3989,1
3990,20
3991,32
3992,149
3993,168
3994,38
3995,128
3996,159
3997,94
3998,134
3999,61
4000,110
